Sentiment,Closed PnL
Fear,110.134332769682
Greed,93.60836596634297
