Side,Closed PnL
BUY,99.39222694161685
SELL,102.5115286546293
